source,title,start_date,end_date,venue,url,last_seen_at
kagaku,,2026-02-16,2026-02-18,東京大学物性研究所,https://www.issp.u-tokyo.ac.jp/maincontents/seminar/all2.html?pid=29202,2026-02-17
kagaku,,2026-02-17,2026-02-17,機械振興会館（東京都港区）、オンライン,https://www.joem.jp/pages/45/#block232-565,2026-02-17
kagaku,,2026-02-17,2026-02-17,建築会館（東京都港区）,https://www.aij.or.jp/event/list.html,2026-02-17
kagaku,,2026-02-17,2026-02-17,オンライン,https://www.jba.or.jp/event/260217_bear/,2026-02-17
kagaku,,2026-02-17,2026-02-17,日本学術会議講堂、オンライン,https://www.scj.go.jp/ja/event/2026/394-s-0217.html,2026-02-17
kagaku,,2026-02-18,2026-02-18,地盤工学会（東京都文京区）、オンライン,https://www.jiban.or.jp/?page_id=23442,2026-02-17
kagaku,,2026-02-18,2026-02-18,オンライン,https://www.aij.or.jp/event/list.html,2026-02-17
kagaku,,2026-02-18,2026-02-18,東京・建築会館、オンライン,https://www.aij.or.jp/event/detail.html?productId=713900,2026-02-17
kagaku,,2026-02-18,2026-02-18,日本学術会議講堂、オンライン,https://www.scj.go.jp/ja/event/2026/392-s-0218.html,2026-02-17
kagaku,,2026-02-18,2026-02-19,北とぴあ・ペガサスホール（東京都北区）,https://www.lckon.org/lctech/lctec31.html,2026-02-17
kagaku,,2026-02-18,2026-02-19,静岡大学 浜松キャンパス,https://sites.google.com/sice-das.org/das38th/,2026-02-17
kagaku,,2026-02-19,2026-02-19,地盤工学会（東京都文京区）、オンライン,https://www.jiban.or.jp/?page_id=25637,2026-02-17
kagaku,,2026-02-19,2026-02-19,東京・建築会館、オンライン,https://kanto.aij.or.jp/images/news/2025/kosyukai/20260219kk.html,2026-02-17
kagaku,,2026-02-19,2026-02-19,回路会館（東京都杉並区）、オンライン,https://jiep.or.jp/tech-committees/pdf/20251211.pdf,2026-02-17
kagaku,,2026-02-19,2026-02-19,オンライン,https://sites.google.com/view/soddms/activities/events/2026-2-19,2026-02-17
kagaku,,2026-02-19,2026-02-20,機械振興会館（東京都港区）,https://www.joem.jp/pages/45/#block2508,2026-02-17
kagaku,,2026-02-20,2026-02-20,オンライン,https://www.aij.or.jp/event/list.html,2026-02-17
kagaku,,2026-02-20,2026-02-20,横浜国立大学,https://www.jsme.or.jp/event/26-18/,2026-02-17
kagaku,,2026-02-20,2026-02-20,東京大学 本郷キャンパス,http://www.paoj.org/regional/index.html#east2025-2-1,2026-02-17
kagaku,,2026-02-20,2026-02-20,(株)関電工 技術研究所（茨城県かすみがうら市）,https://www.jses-solar.jp/event/64733.html,2026-02-17
kagaku,,2026-02-20,2026-02-20,広島市工業技術センター,https://www.srij.or.jp/event_detail/%e9%96%a2%e8%a5%bf%e6%94%af%e9%83%a8%e3%80%80%ef%bc%92%e6%9c%88%e4%be%8b%e4%bc%9a%e8%ac%9b%e6%bc%94%e4%bc%9a-%e5%85%bc-%e5%ba%83%e5%b3%b6%e9%ab%98%e5%88%86%e5%ad%90%e6%9d%90%e6%96%99%e7%a0%94%e4%bf%ae/,2026-02-17
kagaku,,2026-02-20,2026-02-20,食品衛生センター（東京都台東区）,https://shokuhineisei.or.jp/event/sympo,2026-02-17
kagaku,,2026-02-21,2026-02-21,日本学術会議講堂、オンライン,https://www.scj.go.jp/ja/event/2026/392-s-0221.html,2026-02-17
kagaku,,2026-02-21,2026-02-21,オンライン,https://www.scj.go.jp/ja/event/2026/394-s-0221.html,2026-02-17
kagaku,,2026-02-23,2026-02-23,オンライン,https://jsde.or.jp/wp/20260119-2/,2026-02-17
kagaku,,2026-02-24,2026-02-24,リーガロイヤルホテル東京,https://www.oitda.or.jp/seminar/symposium/,2026-02-17
kagaku,,2026-02-24,2026-02-24,中央電気倶楽部（大阪市北区）,https://www.ieiej.or.jp/service/seminar/fy2025/20260224.html,2026-02-17
kagaku,,2026-02-24,2026-02-24,オンライン,https://www.jiban.or.jp/?page_id=25220,2026-02-17
kagaku,,2026-02-24,2026-02-27,かながわサイエンスパーク（神奈川県川崎市）,https://www.kistec.jp/learn/cpsandcontrol/,2026-02-17
kagaku,,2026-02-25,2026-02-25,オンライン,https://shikizai.org/shikizaimaterial2026/,2026-02-17
kagaku,,2026-02-25,2026-02-25,上智大学 四谷キャンパス,https://www.oitda.or.jp/study/pd/file/pd_program2505.pdf,2026-02-17
kagaku,,2026-02-26,2026-02-26,オンライン,http://materials-life.org/event/spring-presentation/,2026-02-17
kagaku,,2026-02-26,2026-02-26,日立ハイテクアナリシス サイエンスソリューションラボ東京,https://www.lckon.org/lckon/reikai/lckon0416.html,2026-02-17
kagaku,,2026-02-26,2026-02-26,機械振興会館（東京都港区）,https://www.jes.or.jp/amr/ev_2025.html,2026-02-17
kagaku,,2026-02-26,2026-02-26,東京・建築会館、オンライン,https://www.aij.or.jp/event/list.html,2026-02-17
kagaku,,2026-02-26,2026-02-27,斜里町公民館ゆめホール知床、オンライン,https://www.iieej.org/events/315bosyu/,2026-02-17
kagaku,,2026-02-27,2026-02-27,東京・建築会館、オンライン,https://www.aij.or.jp/event/list.html,2026-02-17
kagaku,,2026-02-27,2026-02-27,クリエート浜松、オンライン,https://www.lsj.or.jp/event/technical-group-workshops/,2026-02-17
kagaku,,2026-02-27,2026-02-27,同志社大学 東京オフィス、オンライン,https://www.jsae.or.jp/assoc/event/gakkai/research/2025ver/page21-25/,2026-02-17
kagaku,,2026-02-27,2026-02-27,東京大学生産技術研究所,https://jcot.or.jp/forum41.html,2026-02-17
kagaku,,2026-02-27,2026-02-27,大阪大学中之島センター,https://smartprocess.or.jp/contents/event/index.html,2026-02-17
kagaku,,2026-02-27,2026-02-27,新梅田研修センター、オンライン,https://www.jime.jp/C21/view_news/MzY2NjO2BAA,2026-02-17
kagaku,,2026-02-27,2026-02-27,中央大学 後楽園キャンパス、オンライン,https://www.jspe.or.jp/custom-event/event-15586/,2026-02-17
kagaku,,2026-02-27,2026-02-27,東北大学 片平さくらホール,https://www.bunkou.or.jp/bunkou/sponsored_event/20201298.html,2026-02-17
kagaku,,2026-02-27,2026-02-27,大阪医科薬科大学 本部北キャンパス,https://www.apstj.jp/event/fg/10th-fg-profiling-symp/,2026-02-17
kagaku,,2026-02-27,2026-02-27,北海道大学農学部,https://www.fiber.or.jp/jpn/organization/division/tohokuhokaido/2560227.pdf,2026-02-17
kagaku,,2026-02-28,2026-02-28,米子コンベンションセンターBiG SHiP,https://www.hyo-on.or.jp/index.php?view=9106,2026-02-17
kagaku,,2026-02-28,2026-02-28,日本学術会議講堂,https://www.scj.go.jp/ja/event/2026/392-s-0228.html,2026-02-17
kagaku,,2026-02-28,2026-02-28,北海道科学大学,https://www.jsme.or.jp/event/2025-225888/,2026-02-17
kagaku,,2026-02-28,2026-02-28,オンライン,https://www.aij.or.jp/event/list.html,2026-02-17
kagaku,,2026-02-28,2026-03-01,株式会社島津製作所 本館（京都市）,https://sites.google.com/view/bpkansai/,2026-02-17
kagaku,,2026-03-01,2026-03-01,西日本工業大学体育館、オンライン,https://www.jsme.or.jp/event/26-3/,2026-02-17
kagaku,,2026-03-01,2026-03-01,日本学術会議講堂、オンライン,https://www.scj.go.jp/ja/event/2026/392-s-0301.html,2026-02-17
kagaku,,2026-03-02,2026-03-02,東京・建築会館、オンライン,https://www.aij.or.jp/event/list.html,2026-02-17
kagaku,,2026-03-02,2026-03-02,東京工芸大学 中野キャンパス,https://expressive-japan.art-science.org/index.html,2026-02-17
kagaku,,2026-03-02,2026-03-02,日本非破壊検査協会 亀戸センター,https://sciences.jsndi.jp/radiographic/%e6%ac%a1%e5%9b%9e%e3%81%ae%e3%82%b7%e3%83%b3%e3%83%9d%e3%82%b8%e3%82%a6%e3%83%a0/https-sciences-jsndi-jp-radiographic/,2026-02-17
kagaku,,2026-03-02,2026-03-02,工学院大学 新宿キャンパス,https://www.adhesion.or.jp/event/news/news_detail_1459.html,2026-02-17
kagaku,,2026-03-02,2026-03-03,名城大学 天白キャンパス,https://www.jsme.or.jp/event/26-8/,2026-02-17
kagaku,,2026-03-02,2026-03-03,名城大学 天白キャンパス、オンライン,https://www.jsme.or.jp/msd/103_kouen26-7/,2026-02-17
kagaku,,2026-03-02,2026-03-04,クリエート浜松,https://css-japan.com/2025/11/27/cssj2026/,2026-02-17
kagaku,,2026-03-03,2026-03-03,オンライン,https://www.mext.go.jp/a_menu/kaihatu/jishin/projects/event.html,2026-02-17
kagaku,,2026-03-03,2026-03-03,富山国際会議場,https://www.sice.jp/info/info_event/event_20260303-3.html,2026-02-17
kagaku,,2026-03-03,2026-03-03,東京農工大学 小金井キャンパス,https://www.sspej.gr.jp/events/events/20260303.html,2026-02-17
kagaku,,2026-03-03,2026-03-03,東京科学大学 大岡山キャンパス,https://www.adhesion.or.jp/event/news/news_detail_1466.html,2026-02-17
kagaku,,2026-03-03,2026-03-03,連合会館（東京都千代田区）、オンライン,https://www.ieij.or.jp/LS/2026/20260303kenkyukai.html,2026-02-17
kagaku,,2026-03-03,2026-03-04,高知工科大学 永国寺キャンパス,https://www.tc-iaip.org/dia/2026/,2026-02-17
kagaku,,2026-03-03,2026-03-05,立命館大学 大阪いばらきキャンパス,https://compo.jsms.jp/conference/jccm17/,2026-02-17
kagaku,,2026-03-03,2026-03-05,名古屋大学 野依記念学術交流館,https://fntg.jp/jp_new/index.html,2026-02-17
kagaku,,2026-03-04,2026-03-04,オンライン,https://jsht.or.jp/seminar/,2026-02-17
kagaku,,2026-03-04,2026-03-04,日本学術会議講堂、オンライン,https://www.scj.go.jp/ja/event/2026/392-s-0304.html,2026-02-17
kagaku,,2026-03-04,2026-03-04,きゅりあん（東京都品川区）,https://www.srj.or.jp/library/593e2f9b3d23b5fd2a7a58b8/691b0299893f910fea71cdad.pdf,2026-02-17
kagaku,,2026-03-04,2026-03-04,岐阜大学,https://www.srj.or.jp/library/593e2f9b3d23b5fd2a7a58b8/691b0299af5abe0388d642e5.pdf,2026-02-17
kagaku,,2026-03-04,2026-03-04,名古屋大学大学院生命農学研究科講義棟,https://www.jsms.jp/kaikoku/tokai260304.htm,2026-02-17
kagaku,,2026-03-04,2026-03-05,東京理科大学 神楽坂キャンパス、オンライン,https://www.jsces.org/activity/session/2510312053.html,2026-02-17
kagaku,,2026-03-04,2026-03-05,福山市立大学,https://ken.ieice.org/ken/program/index.php?tgid=IEICE-ET&lang=jpn,2026-02-17
kagaku,,2026-03-04,2026-03-05,基礎生物学研究所 明大寺地区（愛知県岡崎市）,https://www.nibb.ac.jp/gitc/2025-4th/,2026-02-17
kagaku,,2026-03-04,2026-03-06,麗澤大学 校舎さつき（千葉県柏市）,https://orsj.org/2026s/,2026-02-17
kagaku,,2026-03-04,2026-03-06,横浜国立大学 常盤台キャンパス,https://nenkai2026.ceramic.or.jp/home,2026-02-17
kagaku,,2026-03-04,2026-03-06,名古屋大学 東山キャンパス,https://www.swsoc.jp/jssw2025/index.html,2026-02-17
kagaku,,2026-03-04,2026-03-06,かずさアカデミアホール（千葉県木更津市）,https://smartconf.jp/content/sgmj26/,2026-02-17
kagaku,,2026-03-05,2026-03-05,金沢市文化ホール,https://swsj.org/2025/12/11/gakuseihappyou17/,2026-02-17
kagaku,,2026-03-05,2026-03-05,東京・建築会館、オンライン,https://www.aij.or.jp/event/list.html,2026-02-17
kagaku,,2026-03-05,2026-03-05,オンライン,https://rd.doshisha.ac.jp/rd/collab/new_business_forum.html,2026-02-17
kagaku,,2026-03-05,2026-03-05,東京科学大学大岡山キャンパス、オンライン,https://member.spsj.or.jp/event/index.php?id=800,2026-02-17
kagaku,,2026-03-05,2026-03-05,広島工業大学 五日市キャンパス,https://www.jsme.or.jp/event/2025-218229/,2026-02-17
kagaku,,2026-03-05,2026-03-05,産総研臨海服都心センター,https://member.spsj.or.jp/event/index.php?id=798,2026-02-17
kagaku,,2026-03-05,2026-03-05,東京科学大学すずかけ台キャンパス（横浜市）,https://www.msl.iir.isct.ac.jp/seminar/msl_lec204_jp/,2026-02-17
kagaku,,2026-03-05,2026-03-06,山形テルサ,https://plasma-dg.jp/seminar/127/program127.html,2026-02-17
kagaku,,2026-03-05,2026-03-06,国際ファッションセンター KFC hall&rooms,https://www.jasri.jp/organization/organization-research-section/ntpromotion/ntevent/260305,2026-02-17
kagaku,,2026-03-05,2026-03-06,東京理科大学神楽坂校舎,https://www.aij.or.jp/event/list.html,2026-02-17
kagaku,,2026-03-05,2026-03-07,千葉工業大学 津田沼キャンパス,https://www.mmij.or.jp/conference,2026-02-17
kagaku,,2026-03-06,2026-03-06,建築会館（東京都港区）、オンライン,https://www.aij.or.jp/event/list.html,2026-02-17
kagaku,,2026-03-06,2026-03-06,オンライン,https://tmsj.or.jp/texitile-college/?type=lec04,2026-02-17
kagaku,,2026-03-06,2026-03-06,広島工業大学 五日市キャンパス,https://www.jsme.or.jp/event/2025-218227/,2026-02-17
kagaku,,2026-03-06,2026-03-06,連合会館（東京都千代田区）、オンライン,https://www.sekiyu-gakkai.or.jp/jp/gyouji/20260306.html,2026-02-17
kagaku,,2026-03-06,2026-03-06,大阪大学 産業科学研究所、オンライン,https://lasa.or.jp/events/ai4pub2026/,2026-02-17
kagaku,,2026-03-06,2026-03-06,日本女子大学目白キャンパス,https://www.comemoc.com/meeting/mo178.htm,2026-02-17
kagaku,,2026-03-06,2026-03-06,東京大学農学部弥生講堂,https://member.spsj.or.jp/event/index.php?id=784,2026-02-17
kagaku,,2026-03-06,2026-03-06,東京都市大学 世田谷キャンパス,https://www.jsat.or.jp/node/1852,2026-02-17
kagaku,,2026-03-06,2026-03-06,ファインセラミックスセンター（名古屋市）,https://appie.or.jp/%E3%82%A4%E3%83%99%E3%83%B3%E3%83%88/%e7%ac%ac3%e5%9b%9e%e6%99%b6%e6%9e%90%e5%88%86%e7%a7%91%e4%bc%9a-3/,2026-02-17
kagaku,,2026-03-06,2026-03-06,東部ビル（東京都港区）、オンライン,https://www.srij.or.jp/event_detail/%e7%ac%ac313%e5%9b%9e%e3%82%b4%e3%83%a0%e6%8a%80%e8%a1%93%e3%82%b7%e3%83%b3%e3%83%9d%e3%82%b8%e3%82%a6%e3%83%a0/,2026-02-17
kagaku,,2026-03-06,2026-03-07,信州大学 長野（工学）キャンパス,https://www.jsme.or.jp/event/2025-222887/,2026-02-17
kagaku,,2026-03-06,2026-03-08,松山大学 文京キャンパス、オンライン,https://www.ipsj.or.jp/event/taikai/88/,2026-02-17
kagaku,,2026-03-07,2026-03-07,オンライン,https://www4.scej.org/meeting/stu28/,2026-02-17
kagaku,,2026-03-07,2026-03-07,東京・建築会館、オンライン,https://www.aij.or.jp/event/list.html,2026-02-17
kagaku,,2026-03-07,2026-03-07,東京農業大学 世田谷キャンパス,https://jsfst.smoosy.atlas.jp/ja/kantou,2026-02-17
kagaku,,2026-03-07,2026-03-07,東海大学品川キャンパス、オンライン,https://www.jses-solar.jp/event-top/64753.html,2026-02-17
kagaku,,2026-03-07,2026-03-07,早稲田大学 早稲田キャンパス,https://www.sbj.or.jp/event/branch_esbj_60th_20260307.html,2026-02-17
kagaku,,2026-03-07,2026-03-07,同志社大学 今出川キャンパス、オンライン,https://www.jss.gr.jp/convention/#taikai,2026-02-17
kagaku,,2026-03-07,2026-03-07,高知工科大学,https://www.aij.or.jp/event/list.html,2026-02-17
kagaku,,2026-03-07,2026-03-07,名古屋大学 オークマ工作機械工学館,https://www.spsj.or.jp/event/index.html,2026-02-17
kagaku,,2026-03-08,2026-03-08,オンライン,https://www.scj.go.jp/ja/event/2026/392-s-0308.html,2026-02-17
kagaku,,2026-03-08,2026-03-08,島根大学松江キャンパス,https://www.aij.or.jp/event/list.html,2026-02-17
kagaku,,2026-03-08,2026-03-08,全国教育文化会館エデュカス東京、オンライン,https://www.scj.go.jp/ja/event/2026/395-s-0308-2.html,2026-02-17
kagaku,,2026-03-09,2026-03-09,貸教室・貸会議室 内海（東京都千代田区）、オンライン,https://www.jilm.or.jp/symposium/view?id=136,2026-02-17
kagaku,,2026-03-09,2026-03-09,東京科学大学蔵前会館、オンライン,https://member.spsj.or.jp/event/index.php?id=803,2026-02-17
kagaku,,2026-03-09,2026-03-09,慶應義塾大学日吉キャンパス,https://member.spsj.or.jp/event/index.php?id=792,2026-02-17
kagaku,,2026-03-09,2026-03-09,東京大学 本郷キャンパス、オンライン,http://www.iesj.org/academic/syunki.html,2026-02-17
kagaku,,2026-03-09,2026-03-09,建築会館（東京都港区）、オンライン,https://www.aij.or.jp/event/list.html,2026-02-17
kagaku,,2026-03-09,2026-03-09,京都大学桂キャンパス,https://member.spsj.or.jp/event/index.php?id=771,2026-02-17
kagaku,,2026-03-09,2026-03-10,かながわサイエンスパーク（神奈川県川崎市）,https://www.kistec.jp/learn/biomaterial/,2026-02-17
kagaku,,2026-03-09,2026-03-10,日本大学 理工学部 駿河台キャンパス,https://www.jsme.or.jp/event/2025-222523/,2026-02-17
kagaku,,2026-03-09,2026-03-10,北海道大学、オンライン,https://www.sice.or.jp/org/hokkaido/,2026-02-17
kagaku,,2026-03-09,2026-03-10,名古屋大学 オークマ工作機械工学館,https://www.jsme.or.jp/event/26-19/,2026-02-17
kagaku,,2026-03-09,2026-03-10,名古屋大学宇宙地球環境研究所,https://www.geochem.jp/information/info/20251211/6256.html,2026-02-17
kagaku,,2026-03-09,2026-03-11,東京大学 本郷キャンパス,https://jsiam.org/jsiam_archive/past_presentations/union2026,2026-02-17
kagaku,,2026-03-09,2026-03-11,別府国際コンベンションセンター（B-Con Plaza）,https://smartconf.jp/content/ap65/,2026-02-17
kagaku,,2026-03-09,2026-03-11,中央大学 多摩キャンパス,https://www.jswe.or.jp/event/lectures/index.html,2026-02-17
kagaku,,2026-03-09,2026-03-12,同志社大学 今出川キャンパス 他,https://www.jsbba.or.jp/event/annual/,2026-02-17
kagaku,,2026-03-09,2026-03-13,ライトキューブ宇都宮、オンライン,https://www.anlp.jp/guide/nenji.html,2026-02-17
kagaku,,2026-03-09,2026-03-13,九州産業大学,https://www.ieice.org/jpn_r/activities/taikai/general/2026/,2026-02-17
kagaku,,2026-03-10,2026-03-10,オンライン,https://www.spsj.or.jp/webinar/archive/no-2510%e3%80%80%e5%85%88%e7%ab%af%e5%8d%8a%e5%b0%8e%e4%bd%93%e3%83%91%e3%83%83%e3%82%b1%e3%83%bc%e3%82%b8%e3%83%b3%e3%82%b0%e6%8a%80%e8%a1%93%e3%80%80%ef%bd%9e%e3%83%97%e3%83%ad%e3%82%bb%e3%82%b9/,2026-02-17
kagaku,,2026-03-10,2026-03-10,東京大学 本郷キャンパス,http://www.iesj.org/academic/meeting/,2026-02-17
kagaku,,2026-03-10,2026-03-10,大阪大学東京ブランチ、オンライン,https://www.jilm.or.jp/symposium/view?id=134,2026-02-17
kagaku,,2026-03-10,2026-03-10,京都大学学術情報メディアセンター、オンライン,https://www.scj.go.jp/ja/event/2026/396-s-0310.html,2026-02-17
kagaku,,2026-03-10,2026-03-10,愛知工業大学 八草キャンパス,https://www.jsme.or.jp/event/2025-226386/,2026-02-17
kagaku,,2026-03-10,2026-03-10,産業技術総合研究所 臨海副都心センター 別館,https://www.aist.go.jp/aist_j/news/event/ev20260310.html,2026-02-17
kagaku,,2026-03-10,2026-03-11,関東学院大学 横浜・金沢八景キャンパス,https://www.sfj.or.jp/meeting/153/index.html,2026-02-17
kagaku,,2026-03-10,2026-03-11,東京大学 弥生キャンパス、オンライン,https://www.jamstec.go.jp/j/pr-event/ocean-and-earth2025/invitation.html,2026-02-17
kagaku,,2026-03-10,2026-03-12,東京医科大学,https://www.aeplan.jp/psj2026/,2026-02-17
kagaku,,2026-03-10,2026-03-12,東京たま未来メッセ 東京都立多摩産業交流センター、オンライン,https://jiep.or.jp/event/convention/jiep2026s/index.php,2026-02-17
kagaku,,2026-03-11,2026-03-11,土木学会（東京都新宿区）、オンライン,https://committees.jsce.or.jp/concrete56/node/7,2026-02-17
kagaku,,2026-03-11,2026-03-11,東京大学 山上会館,https://www.jasnaoe.or.jp/lecture/symp/e.260311.html,2026-02-17
kagaku,,2026-03-11,2026-03-11,建築会館（東京都港区）、オンライン,https://www.aij.or.jp/event/list.html,2026-02-17
kagaku,,2026-03-11,2026-03-11,東京科学大学 蔵前会館、オンライン,https://www.adhesion.or.jp/event/news/news_detail_1469.html,2026-02-17
kagaku,,2026-03-11,2026-03-12,愛知工業大学 八草キャンパス,https://tokai2.jsme.or.jp/PaperMgr.cgi?Cmd=ActiveMeetingInfo&iTargetMID=0206,2026-02-17
kagaku,,2026-03-11,2026-03-13,千葉工業大学 新習志野キャンパス,https://pub.confit.atlas.jp/ja/event/jimm2026spring,2026-02-17
kagaku,,2026-03-11,2026-03-13,熊本城ホール、市民会館シアーズホーム夢ホール（熊本市民会館）,https://pub.confit.atlas.jp/ja/event/aesj2026s,2026-02-17
kagaku,,2026-03-11,2026-03-13,水戸市民会館,https://www2.kek.jp/imss/qbsf/2025/,2026-02-17
kagaku,,2026-03-11,2026-03-13,基礎生物学研究所（愛知県岡崎市）,https://sites.google.com/nibb.ac.jp/iberian-ribbed-newt-training/home,2026-02-17
kagaku,,2026-03-11,2026-03-13,那珂フュージョン科学技術研究所,https://www.qst.go.jp/site/jt60/wakate-28.html,2026-02-17
kagaku,,2026-03-11,2026-03-15,京都大学 吉田キャンパス、国立京都国際会館,https://esj-meeting.net/home/,2026-02-17
kagaku,,2026-03-12,2026-03-12,大阪科学技術センター,https://kinka.or.jp/event/2026/kobunshi22.html,2026-02-17
kagaku,,2026-03-12,2026-03-12,かわさき保育会館,http://materials-life.org/study-group/chemical/,2026-02-17
kagaku,,2026-03-12,2026-03-12,同志社大学 室町キャンパス（京都市）,https://www.jsbba.or.jp/science_edu/event_junior.html,2026-02-17
kagaku,,2026-03-12,2026-03-12,建築会館（東京都港区）,https://www.aij.or.jp/event/list.html,2026-02-17
kagaku,,2026-03-12,2026-03-13,同志社びわこリトリートセンター,https://sites.google.com/view/31frontiers,2026-02-17
kagaku,,2026-03-12,2026-03-14,東北学院大学 五橋キャンパス,https://www.iee.jp/blog/taikai2026/,2026-02-17
kagaku,,2026-03-13,2026-03-13,大阪産業技術研究所 森之宮センター,https://newceramicsforum.blog.jp/archives/10460934.html,2026-02-17
kagaku,,2026-03-13,2026-03-13,早稲田大学 西早稲田キャンパス、オンライン,https://www.turbo-so.jp/seminar.html,2026-02-17
kagaku,,2026-03-13,2026-03-13,貸教室・貸会議室 内海（東京都千代田区）、オンライン,https://www.jilm.or.jp/symposium/view?id=137,2026-02-17
kagaku,,2026-03-13,2026-03-13,東京大学 生産技術研究所、オンライン,https://www.okabe.iis.u-tokyo.ac.jp/japanese/index_j.html,2026-02-17
kagaku,,2026-03-13,2026-03-13,オンライン,https://jfps.jp/Event/winter2025.html,2026-02-17
kagaku,,2026-03-13,2026-03-15,明治大学 駿河台キャンパス,https://jspp.org/annualmeeting/67/index.html,2026-02-17
kagaku,,2026-03-14,2026-03-14,オンライン,https://gakkai-web.net/butsuri-jrsession/,2026-02-17
kagaku,,2026-03-14,2026-03-15,東京農業大学 世田谷キャンパス,http://hars.gr.jp/conference/%e7%ac%ac32%e5%9b%9e%e5%ad%a6%e8%a1%93%e5%a4%a7%e4%bc%9a%ef%bc%882026%ef%bc%89/,2026-02-17
kagaku,,2026-03-15,2026-03-15,オンライン,https://www.aij.or.jp/event/list.html,2026-02-17
kagaku,,2026-03-15,2026-03-18,東京科学大学 大岡山キャンパス、オンライン,https://meeting.jsap.or.jp/,2026-02-17
kagaku,,2026-03-16,2026-03-16,東北大学情報科学研究科教育研究棟,https://www.jsme.or.jp/event/2025-223866/,2026-02-17
kagaku,,2026-03-16,2026-03-16,建築会館（東京都港区）、オンライン,https://kanto.aij.or.jp/images/news/2025/kosyukai/20260316kk.html,2026-02-17
kagaku,,2026-03-16,2026-03-16,連合会館（東京都千代田区）、オンライン,https://ieij.org/shibu/tokyo/info2025/260316seminar.html,2026-02-17
kagaku,,2026-03-16,2026-03-16,オンライン,https://www.combustionsociety.jp/kaikoku/20260115_1089/,2026-02-17
kagaku,,2026-03-16,2026-03-16,島津製作所 東京支社,https://www.lckon.org/lckon/reikai/lckon0417.html,2026-02-17
kagaku,,2026-03-16,2026-03-17,大阪電気通信大学 寝屋川キャンパス,https://www.jsme.or.jp/event/2025-221091/,2026-02-17
kagaku,,2026-03-16,2026-03-17,電気通信大学UECアライアンスセンター（調布市）,https://www.jpnsec.org/symposium202601.html,2026-02-17
kagaku,,2026-03-16,2026-03-18,宇都宮大学 陽東キャンパス,https://www.jske.org/,2026-02-17
kagaku,,2026-03-16,2026-03-18,広島大学東広島キャンパス、広島国際会議場,https://pub.confit.atlas.jp/ja/event/wood2026,2026-02-17
kagaku,,2026-03-16,2026-03-18,東北大学 川内キャンパス,https://am.pharmacol.or.jp/jps99/,2026-02-17
kagaku,,2026-03-16,2026-03-19,つくば国際会議場、つくば大学,https://www.forestry.jp/meeting/,2026-02-17
kagaku,,2026-03-17,2026-03-17,日本大学理工学部 船橋キャンパス,https://www.chemistry.or.jp/event/calendar/2025/12/post-463.html,2026-02-17
kagaku,,2026-03-17,2026-03-17,ワイム貸会議室御茶ノ水、オンライン,https://www.magnetics.jp/event/topical_259/,2026-02-17
kagaku,,2026-03-17,2026-03-17,東京都市大学原子力研究所（川崎市）,https://www.jsms.jp/kaikoku/kantou20260317.htm,2026-02-17
kagaku,,2026-03-17,2026-03-17,東京都立産業技術研究センター 青海本部,https://sciences.jsndi.jp/magnetic/symposium/4398/,2026-02-17
kagaku,,2026-03-17,2026-03-18,湯の川温泉 花びしホテル（函館市）,https://www.robotics-symposia.org/31st/,2026-02-17
kagaku,,2026-03-17,2026-03-19,日本大学理工学部駿河台キャンパス,https://acoustics.jp/annualmeeting/,2026-02-17
kagaku,,2026-03-17,2026-03-19,埼玉大学,https://2026-03spring.jspe.or.jp/,2026-02-17
kagaku,,2026-03-17,2026-03-19,東京理科大学野田キャンパス,https://pub.confit.atlas.jp/ja/event/ecsj2026s,2026-02-17
kagaku,,2026-03-17,2026-03-19,京都大学 吉田キャンパス,https://www4.scej.org/meeting/91a/index.html,2026-02-17
kagaku,,2026-03-18,2026-03-19,早稲田大学西早稲田キャンパス、オンライン,https://www.ergonomics.jp/TG/systemtaikai/,2026-02-17
kagaku,,2026-03-18,2026-03-20,静岡大学 浜松キャンパス,https://www.jstp.jp/event/meeting/,2026-02-17
kagaku,,2026-03-19,2026-03-19,東京科学大学 大岡山キャンパス,https://www.sss.e.titech.ac.jp/event/sss-promotion-forum12-20260319/,2026-02-17
kagaku,,2026-03-20,2026-03-20,日本大学理工学部 船橋キャンパス、オンライン,https://www.chemistry.or.jp/event/calendar/2025/12/ess2026.html,2026-02-17
kagaku,,2026-03-20,2026-03-20,ウェルとばた（福岡県北九州市）,https://kosenconf.jp/?201kitakyusyu,2026-02-17
kagaku,,2026-03-20,2026-03-20,日本大学理工学部 船橋キャンパス,https://www.chemistry.or.jp/event/calendar/2026/01/edu-forum-2026.html,2026-02-17
kagaku,,2026-03-20,2026-03-21,板橋区教育科学館,https://sites.google.com/view/kazanjikken/%E3%83%9B%E3%83%BC%E3%83%A0,2026-02-17
kagaku,,2026-03-20,2026-03-22,広島国際会議場,https://med-gakkai.jp/jsb2026/,2026-02-17
kagaku,,2026-03-21,2026-03-21,栃木県総合文化センター,https://www.scj.go.jp/ja/event/2026/394-s-0321.html,2026-02-17
kagaku,,2026-03-21,2026-03-22,明治大学 生田キャンパス（神奈川県川崎市）,https://www.jshs.jp/modules/meeting/index.php?content_id=62,2026-02-17
kagaku,,2026-03-23,2026-03-23,大田区産業プラザPiO、オンライン,https://www.jvss.jp/ja/activities/06/detail/00024.html,2026-02-17
kagaku,,2026-03-23,2026-03-24,東京科学大学 大岡山キャンパス,https://catsj137.infotecs.jp/,2026-02-17
kagaku,,2026-03-23,2026-03-26,東京理科大学 神楽坂キャンパス,https://www.mathsoc.jp/activity/meeting/tus26mar/index.html,2026-02-17
kagaku,,2026-03-23,2026-03-26,オンライン,https://www.jps.or.jp/activities/meetings/spring/spring_index.php,2026-02-17
kagaku,,2026-03-23,2026-03-27,東京国際工科専門職大学,https://www.jsme.or.jp/event/26-12/,2026-02-17
kagaku,,2026-03-24,2026-03-24,オンライン,https://www.jsme.or.jp/event/25-168/,2026-02-17
kagaku,,2026-03-24,2026-03-26,東京慈恵会医科大学,https://www.procomu.jp/anat2026/,2026-02-17
kagaku,,2026-03-25,2026-03-25,建築会館（東京都港区）、オンライン,https://kanto.aij.or.jp/images/news/2025/kosyukai/20260325kk.html,2026-02-17
kagaku,,2026-03-25,2026-03-25,オンライン,https://www.jsms.jp/kaikoku/hakai6.htm,2026-02-17
kagaku,,2026-03-26,2026-03-26,オンライン,https://www.j-ad.org/%e7%ac%ac34%e5%9b%9e%e5%90%b8%e7%9d%80%e3%82%b7%e3%83%b3%e3%83%9d%e3%82%b8%e3%82%a6%e3%83%a0/,2026-02-17
kagaku,,2026-03-26,2026-03-26,神戸大学ポートアイランドキャンパス,https://kobokenkyukai.jp/lecture.html,2026-02-17
kagaku,,2026-03-26,2026-03-26,東京都立大学 南大沢キャンパス,https://kanto.csj.jp/event/2025/11051457284168/,2026-02-17
kagaku,,2026-03-26,2026-03-27,愛知工業大学 本山キャンパス,https://sciences.jsndi.jp/manu/symposium/4412/,2026-02-17
kagaku,,2026-03-26,2026-03-27,日本電子株式会社 本社昭島製作所（東京都）,https://www.mssj.or.jp/kikaku2.html,2026-02-17
kagaku,,2026-03-26,2026-03-29,東京海洋大学 品川キャンパス,https://jsfs.jp/act/annual-meeting/,2026-02-17
kagaku,,2026-03-26,2026-03-29,関西大学 千里山キャンパス,https://pub.confit.atlas.jp/ja/event/pharm146,2026-02-17
kagaku,,2026-03-27,2026-03-27,群馬大学 桐生キャンパス,https://www.fiber.or.jp/jpn/events.html,2026-02-17
kagaku,,2026-03-28,2026-03-28,工学院大学 新宿キャンパス、オンライン,https://www.jsme.or.jp/event/26-26/,2026-02-17
kagaku,,2026-03-28,2026-03-28,オンライン,https://www.scj.go.jp/ja/event/2026/395-s-0328.html,2026-02-17
kagaku,,2026-03-28,2026-03-28,高崎健康福祉大学（高崎市）、オンライン,https://www.scj.go.jp/ja/event/2026/393-s-0328.html,2026-02-17
kagaku,,2026-03-29,2026-03-29,東京大学 弥生キャンパス、オンライン,https://seikaren.org/news/21976.html,2026-02-17
kagaku,,2026-03-30,2026-03-30,京都大学 桂キャンパス、オンライン,https://www.pqs.t.kyoto-u.ac.jp/images/20260330symposium.pdf,2026-02-17
kagaku,,2026-04-08,2026-04-08,機械振興会館（東京都港区）,https://www.joem.jp/pages/45/#block762,2026-02-17
kagaku,,2026-04-15,2026-04-16,機械振興会館（東京都港区）、オンライン,https://www.joem.jp/pages/45/#block281-601,2026-02-17
kagaku,,2026-04-15,2026-04-17,大阪大学豊中キャンパス,https://smartconf.jp/content/57nenkai/,2026-02-17
kagaku,,2026-04-16,2026-04-17,東京海洋大学 海洋工学部 85周年記念会館,https://www.jsme.or.jp/event/26-6/,2026-02-17
kagaku,,2026-04-16,2026-04-19,パシフィコ横浜,https://www.jsrt.or.jp/gmeeting/soukai82/,2026-02-17
kagaku,,2026-04-17,2026-04-17,神奈川大学 横浜キャンパス、オンライン,https://www.ince-j.or.jp/recital,2026-02-17
kagaku,,2026-04-17,2026-04-17,日本機械学会会議室、オンライン,https://www.jsme.or.jp/event/26-28/,2026-02-17
kagaku,,2026-04-21,2026-04-22,早稲田大学国際会議場,https://www.jaca-1963.or.jp/jp/event/%e7%ac%ac43%e5%9b%9e%e7%a9%ba%e6%b0%97%e6%b8%85%e6%b5%84%e3%81%a8%e3%82%b3%e3%83%b3%e3%82%bf%e3%83%9f%e3%83%8d%e3%83%bc%e3%82%b7%e3%83%a7%e3%83%b3%e3%82%b3%e3%83%b3%e3%83%88%e3%83%ad%e3%83%bc%e3%83%ab.html,2026-02-17
kagaku,,2026-04-21,2026-04-23,オンライン,https://service.kktcs.co.jp/smms2/c/scej/event/EventList.htm,2026-02-17
kagaku,,2026-04-22,2026-04-22,パシフィコ横浜,https://www.opt-seminar.jp/seminar/training-exam2,2026-02-17
kagaku,,2026-04-22,2026-04-24,大阪大学 中之島センター,https://jweld.jp/tournament/,2026-02-17
kagaku,,2026-04-23,2026-04-23,早稲田大学 西早稲田キャンパス、オンライン,https://www.turbo-so.jp/seminar.html,2026-02-17
kagaku,,2026-04-23,2026-04-24,ピアザ淡海(滋賀県立県民交流センター),https://www.jsme.or.jp/event/26-4/,2026-02-17
kagaku,,2026-04-24,2026-04-24,住友ベークライト(株)本社（東京都品川区）、オンライン,https://spejapan.org/news/20260424spekouen/,2026-02-17
kagaku,,2026-04-24,2026-04-24,日本機械学会会議室、オンライン,https://www.jsme.or.jp/event/26-30/,2026-02-17
kagaku,,2026-04-24,2026-04-26,奈良春日野国際フォーラム 甍〜I･RA･KA〜,https://www.congre.co.jp/jse2026/index.html,2026-02-17
kagaku,,2026-04-27,2026-04-28,あわぎんホール（徳島市）,https://www.enzyme-eng.com/conference/jsee95/,2026-02-17
kagaku,,2026-04-30,2026-05-02,⼭⼝⼤学 ⼩串キャンパス,https://plaza.umin.ac.jp/nano/meeting.html,2026-02-17
kagaku,,2026-05-11,2026-05-12,化学工学会会議室（東京都文京区）,https://service.kktcs.co.jp/smms2/c/scej/event/EventList.htm,2026-02-17
kagaku,,2026-05-13,2026-05-15,三重県総合文化センター 他,https://jsece.or.jp/meeting/2026mie/,2026-02-17
kagaku,,2026-05-13,2026-05-16,オンライン,https://www.metsoc.jp/meetings/2026s,2026-02-17
kagaku,,2026-05-14,2026-05-15,化学工学会会議室（東京都文京区）,https://service.kktcs.co.jp/smms2/c/scej/event/EventList.htm,2026-02-17
kagaku,,2026-05-14,2026-05-15,タワーホール船堀（東京都江戸川区）,https://www.kidorui.org/discussion.html,2026-02-17
kagaku,,2026-05-15,2026-05-15,ディーアイシービル（東京都中央区）,https://shikizai.org/shunki_toryo_kouen2026/,2026-02-17
kagaku,,2026-05-15,2026-05-17,サンポート高松,https://www2.aeplan.co.jp/jsnfs2026/,2026-02-17
kagaku,,2026-05-15,2026-05-17,筑波大学 筑波キャンパス,https://sites.google.com/view/msj70thcongress,2026-02-17
kagaku,,2026-05-15,2026-05-18,富山国際会議場,https://www.jilm.or.jp/convention/index,2026-02-17
kagaku,,2026-05-16,2026-05-16,慶應義塾大学理工学部矢上キャンパス（横浜市）,https://www.ssocj.jp/event/kantosymposium_2026_90th/,2026-02-17
kagaku,,2026-05-16,2026-05-17,東京大学柏キャンパス,https://www.nagare.or.jp/info/meeting.html,2026-02-17
kagaku,,2026-05-18,2026-05-18,オンライン,https://service.kktcs.co.jp/smms2/c/scej/event/EventList.htm,2026-02-17
kagaku,,2026-05-19,2026-05-21,水戸市民会館,https://sead38.jp/,2026-02-17
kagaku,,2026-05-20,2026-05-22,日本科学未来館（東京都江東区）他,https://www.jcorr.or.jp/yotei/jcorr26s.html,2026-02-17
kagaku,,2026-05-21,2026-05-22,化学工学会会議室（東京都文京区）,https://service.kktcs.co.jp/smms2/c/scej/event/EventList.htm,2026-02-17
kagaku,,2026-05-21,2026-05-22,京都工芸繊維大学,https://www.srij.or.jp/annual/,2026-02-17
kagaku,,2026-05-21,2026-05-22,はまぎんホール ヴィアマーレ（横浜市）,http://jsmi2026.kenkyuukai.jp/,2026-02-17
kagaku,,2026-05-22,2026-05-22,都市センターホテル（東京都千代田区）,https://www.hpij.org/syunkikouenkai,2026-02-17
kagaku,,2026-05-22,2026-05-22,日本機械学会会議室、オンライン,https://www.jsme.or.jp/event/26-31/,2026-02-17
kagaku,,2026-05-22,2026-05-23,沖縄産業支援センター,https://jp.his.gr.jp/2026/02/03/%e7%ac%ac229%e5%9b%9e%e3%83%92%e3%83%a5%e3%83%bc%e3%83%9e%e3%83%b3%e3%82%a4%e3%83%b3%e3%82%bf%e3%83%95%e3%82%a7%e3%83%bc%e3%82%b9%e5%ad%a6%e4%bc%9a%e7%a0%94%e7%a9%b6%e4%bc%9a%e3%80%8c%e3%83%92/,2026-02-17
kagaku,,2026-05-22,2026-05-23,日本薬学会 長井記念ホール（東京都渋谷区）、オンライン,https://chem.pharm.or.jp/symposium/jisedai2026/,2026-02-17
kagaku,,2026-05-22,2026-05-24,京都女子大学,https://www.jshe.jp/taikai/index.html,2026-02-17
kagaku,,2026-05-22,2026-05-25,ライトキューブ宇都宮、オンライン,https://jfs.or.jp/gyouji/187taikai/,2026-02-17
kagaku,,2026-05-24,2026-05-26,ウインクあいち（愛知県産業労働センター）,https://sci26.iscie.or.jp/,2026-02-17
kagaku,,2026-05-25,2026-05-26,エッサム神田ホール1 号館、オンライン,https://jsht.or.jp/seminar/,2026-02-17
kagaku,,2026-05-25,2026-05-26,タワーホール船堀（東京都江戸川区）,https://pub.confit.atlas.jp/ja/event/jpi2026,2026-02-17
kagaku,,2026-05-25,2026-05-27,仙台国際センター,https://microscopy.or.jp/conference/,2026-02-17
kagaku,,2026-05-25,2026-05-27,国立オリンピック記念青少年総合センター（東京都渋谷区）,https://www.tribology.jp/conference/tribology_conference/26tokyo/index.html,2026-02-17
kagaku,,2026-05-26,2026-05-28,札幌コンベンションセンター,https://pub.confit.atlas.jp/ja/event/htsj2026,2026-02-17
kagaku,,2026-05-26,2026-05-28,大阪大学 コンベンションセンター,https://pub.confit.atlas.jp/ja/event/jspm2026s,2026-02-17
kagaku,,2026-05-26,2026-05-29,大阪産業技術研究所,https://www.jvss.jp/ja/activities/18/detail/00008.html,2026-02-17
kagaku,,2026-05-28,2026-05-29,化学工学会会議室（東京都文京区）、オンライン,https://service.kktcs.co.jp/smms2/c/scej/event/EventList.htm,2026-02-17
kagaku,,2026-05-28,2026-05-29,東京海洋大学 越中島キャンパス,https://www.jasnaoe.or.jp/lecture/2026spr/,2026-02-17
kagaku,,2026-05-28,2026-05-29,大阪科学技術センター,https://tmsj.or.jp/annualmeeting/,2026-02-17
kagaku,,2026-05-28,2026-05-29,機械振興会館（東京都港区）,https://www.jes.or.jp/amr/amr26_sp.html,2026-02-17
kagaku,,2026-05-29,2026-05-29,国立水俣病総合研究センター（熊本県水俣市）,https://plasma-dg.jp/seminar/128/program128.html,2026-02-17
kagaku,,2026-05-29,2026-05-31,石川県地場産業振興センター,https://www.jsms.jp/kaikoku/75gakuboshu.htm,2026-02-17
kagaku,,2026-05-30,2026-05-31,とかちプラザ（北海道帯広市）,https://square.umin.ac.jp/jscc/jp/activities/seminar/71.html,2026-02-17
kagaku,,2026-05-30,2026-05-31,東京海洋大学,https://www.marinebiotechnology.jp/meeting.html,2026-02-17
kagaku,,2026-05-30,2026-05-31,久留米シティプラザ,https://pub.confit.atlas.jp/ja/event/jsac86touron,2026-02-17
kagaku,,2026-05-30,2026-05-31,札幌市教育文化会館,http://www.biorheology.jp/meet49.html,2026-02-17
kagaku,,2026-06-01,2026-06-03,早稲田大学 国際会議場,https://segj.or.jp/event/lecture/2026/01/154.html,2026-02-17
kagaku,,2026-06-02,2026-06-04,北海道大学,http://sckd.jp/41Sapporo/index.php,2026-02-17
kagaku,,2026-06-02,2026-06-04,横浜市開港記念会館、オンライン,https://www.csj.or.jp/conference/2026s/index.html,2026-02-17
kagaku,,2026-06-03,2026-06-03,滋賀県立文化産業交流会館,https://www.shiga-med.ac.jp/jcbl2026/Collaboration_symposium.html,2026-02-17
kagaku,,2026-06-03,2026-06-05,ウインクあいち,https://www.jsces.org/koenkai/31/,2026-02-17
kagaku,,2026-06-03,2026-06-05,京都市勧業館 みやこめっせ,https://apstj41.mons.work/,2026-02-17
kagaku,,2026-06-04,2026-06-05,シャトレーゼホテル談露館（甲府市）,https://www.jsme.or.jp/event/26-14/,2026-02-17
kagaku,,2026-06-04,2026-06-05,東京海洋大学 越中島キャンパス,https://j-nav.org/%e6%97%a5%e6%9c%ac%e8%88%aa%e6%b5%b7%e5%ad%a6%e4%bc%9a-%e7%ac%ac154%e5%9b%9e%ef%bc%882026%e5%b9%b4%e5%ba%a6-%e6%98%a5%e5%ad%a3%ef%bc%89%e8%ac%9b%e6%bc%94%e4%bc%9a%e3%83%bb%e7%a0%94%e7%a9%b6%e4%bc%9a/,2026-02-17
kagaku,,2026-06-04,2026-06-05,オンライン,https://spsj.or.jp/branch/kansai/event/event_124.php,2026-02-17
kagaku,,2026-06-04,2026-06-05,東京科学大学 大岡山キャンパス,https://www.sccj.net/events/nenkai/2026sp/,2026-02-17
kagaku,,2026-06-04,2026-06-05,大阪大学 豊中キャンパス,https://www.srj.or.jp/gyoji,2026-02-17
kagaku,,2026-06-04,2026-06-05,山口大学工学部（常盤キャンパス内）,https://swsj.org/2026/01/16/77th-annual-meeting/,2026-02-17
kagaku,,2026-06-04,2026-06-05,滋賀県立文化産業交流会館,https://web.jcbl.jp/community/,2026-02-17
kagaku,,2026-06-05,2026-06-05,京都リサーチパーク,https://sekiyu-gakkai.or.jp/jp/gyouji/20260605pre.html,2026-02-17
kagaku,,2026-06-05,2026-06-05,化学工学会会議室（東京都文京区）,https://service.kktcs.co.jp/smms2/c/scej/event/EventList.htm,2026-02-17
kagaku,,2026-06-05,2026-06-07,トークネットホール仙台（仙台市民会館）,https://smartconf.jp/content/jsmbe65/,2026-02-17
kagaku,,2026-06-06,2026-06-07,大阪大学,https://www.systematiczoology.jp/%E5%A4%A7%E4%BC%9A%E3%82%B7%E3%83%B3%E3%83%9D%E3%82%B8%E3%82%A6%E3%83%A0,2026-02-17
kagaku,,2026-06-06,2026-06-07,大阪大学 豊中キャンパス,https://confaid.com/shgsc2026/index,2026-02-17
kagaku,,2026-06-07,2026-06-07,⿅児島⼤学 郡元キャンパス,https://www.sme.or.jp/conference/spring/,2026-02-17
kagaku,,2026-06-08,2026-06-12,Gメッセ群馬、オンライン,https://www.ai-gakkai.or.jp/jsai2026/,2026-02-17
kagaku,,2026-06-09,2026-06-12,JMSアステールプラザ（広島市）,https://www.jsdb.jp/events_annual_meeting.html,2026-02-17
kagaku,,2026-06-10,2026-06-12,パシフィコ横浜,https://www.mssj.jp/conf/74/,2026-02-17
kagaku,,2026-06-10,2026-06-12,東京科学大学すずかけ台キャンパス、オンライン,https://www.imaging-society-japan.org/conference/ICJ2026S/,2026-02-17
kagaku,,2026-06-10,2026-06-12,"化学工学会会議室【6/10,12】、横河電機(株) 本館【6/11】",https://service.kktcs.co.jp/smms2/c/scej/event/EventList.htm,2026-02-17
kagaku,,2026-06-10,2026-06-13,京都産業会館ホール,https://conference.wdc-jp.com/fma-meeting/index.html,2026-02-17
kagaku,,2026-06-11,2026-06-12,名古屋工業大学、株式会社JERA 碧南火力発電所 、株式会社 LIXIL 常滑東工場、INAXライブミュージアム,https://www.ceramic.or.jp/bgenryo/,2026-02-17
kagaku,,2026-06-13,2026-06-13,群馬パース大学,https://www.jes1950.jp/announcement.html,2026-02-17
kagaku,,2026-06-13,2026-06-14,札幌コンベンションセンター,https://www.jsme.or.jp/event/26-5/,2026-02-17
kagaku,,2026-06-13,2026-06-14,神戸大学六甲台第２キャンパス,https://timestudies.net/?page_id=2310,2026-02-17
kagaku,,2026-06-15,2026-06-16,出光興産(株)製造技術部 安全・技術研修センター（千葉県市原市）,https://service.kktcs.co.jp/smms2/c/scej/event/EventList.htm,2026-02-17
kagaku,,2026-06-16,2026-06-16,千葉大学 西千葉キャンパス,https://www.rpsj.org/g144/,2026-02-17
kagaku,,2026-06-16,2026-06-17,岡山大学 津島キャンパス,https://www.ssocj.jp/event/128symposium/,2026-02-17
kagaku,,2026-06-17,2026-06-19,とりぎん文化会館（鳥取市）,https://aeplan.jp/pssj2026/,2026-02-17
kagaku,,2026-06-17,2026-06-19,化学工学会会議室（東京都文京区）,https://service.kktcs.co.jp/smms2/c/scej/event/EventList.htm,2026-02-17
kagaku,,2026-06-17,2026-06-19,八王子市芸術文化会館（いちょうホール）,https://www.ls.toyaku.ac.jp/~bioanalchem/33rd-cs/,2026-02-17
kagaku,,2026-06-17,2026-06-19,タワーホール船堀（東京都江戸川区）,https://www.fiber.or.jp/jpn/events/2026/year/index.html,2026-02-17
kagaku,,2026-06-18,2026-06-19,機械振興会館（東京都港区）,https://jfps.jp/Event/kouen_haru_2026.html,2026-02-17
kagaku,,2026-06-19,2026-06-20,タカオネ（東京都八王子市）,https://sites.google.com/view/photochem-wakate2026,2026-02-17
kagaku,,2026-06-20,2026-06-21,立命館大学大阪いばらきキャンパス、オンライン,https://color-science.jp/zenkoku2026/,2026-02-17
kagaku,,2026-06-23,2026-06-26,長崎出島メッセ,https://j-ec.smartcore.jp/M022/forum/touron34?jpn,2026-02-17
kagaku,,2026-06-24,2026-06-25,タワーホール船堀（東京都江戸川区）,https://pub.confit.atlas.jp/ja/event/seikeikakouannual2026,2026-02-17
kagaku,,2026-06-24,2026-06-26,化学工学会会議室（東京都文京区）,https://service.kktcs.co.jp/smms2/c/scej/event/EventList.htm,2026-02-17
kagaku,,2026-06-24,2026-06-26,日本学術会議（東京都港区）、オンライン,https://www.anzen.org/,2026-02-17
kagaku,,2026-06-25,2026-06-26,山中温泉 山中座（石川県加賀市）,https://cmm26.w3.kanazawa-u.ac.jp/,2026-02-17
kagaku,,2026-06-25,2026-06-26,杜の街グレース（ 岡山市）,https://www.jtss.or.jp/index.htm,2026-02-17
kagaku,,2026-06-25,2026-06-26,大阪公会堂,https://www.adhesion.or.jp/event/index.html,2026-02-17
kagaku,,2026-06-26,2026-06-26,オンライン,https://www.jsme.or.jp/event/26-23/,2026-02-17
kagaku,,2026-06-26,2026-06-26,KDX飯田橋スクエア、オンライン,https://www.jsme.or.jp/event/26-32/,2026-02-17
kagaku,,2026-06-26,2026-06-26,同志社大学 寒梅館（京都市）,https://www.ilra.jp/,2026-02-17
kagaku,,2026-06-27,2026-06-28,ライトキューブ宇都宮,https://see.gr.jp/event/2026/taikai.html,2026-02-17
kagaku,,2026-06-27,2026-06-28,静岡県男女共同参画センター「あざれあ」,https://jssm.sakura.ne.jp/meeting.html,2026-02-17
kagaku,,2026-06-28,2026-07-01,福岡国際会議場,https://robomech.org/2026/,2026-02-17
kagaku,,2026-06-30,2026-07-03,シャトレーゼ ガトーキングダム サッポロ,https://pub.confit.atlas.jp/ja/event/naito55,2026-02-17
kagaku,,2026-07-01,2026-07-02,統計数理研究所（東京都立川市）、オンライン,https://www.rqes.or.jp/event/symposium/rqes2026s/rqes2026s.html,2026-02-17
kagaku,,2026-07-01,2026-07-03,グランキューブ大阪（大阪府立国際会議場）,https://www.jsot2026.jp/,2026-02-17
kagaku,,2026-07-03,2026-07-03,化学工学会会議室（東京都文京区）,https://service.kktcs.co.jp/smms2/c/scej/event/EventList.htm,2026-02-17
kagaku,,2026-07-04,2026-07-05,京都大学 薬学研究科・薬学部,https://www.kwcs.jp/tdm2026/,2026-02-17
kagaku,,2026-07-07,2026-07-10,グランシップ静岡,https://www.jiban.or.jp/?page_id=1094,2026-02-17
kagaku,,2026-07-08,2026-07-10,奈良県コンベンションセンター,https://pub.confit.atlas.jp/ja/event/jci2026,2026-02-17
kagaku,,2026-07-08,2026-07-10,日本科学未来館,https://pub.confit.atlas.jp/ja/event/jrias2026,2026-02-17
kagaku,,2026-07-08,2026-07-10,アクリエひめじ,https://www.rnaj.org/meetings/annual-meetings,2026-02-17
kagaku,,2026-07-09,2026-07-09,徳島大学工業会館,https://www.jacg.jp/jp/event/lecturesp.html,2026-02-17
kagaku,,2026-07-09,2026-07-10,化学工学会会議室（東京都文京区）、オンライン,https://service.kktcs.co.jp/smms2/c/scej/event/EventList.htm,2026-02-17
kagaku,,2026-07-09,2026-07-10,パナソニックリゾート大阪（吹田市）,https://jiep.or.jp/event/workshop/jfk2026/,2026-02-17
kagaku,,2026-07-09,2026-07-10,府中の森 芸術劇場,https://cellulose-society.jp/news_branch02/news/news_detail_317.html,2026-02-17
kagaku,,2026-07-09,2026-07-10,東京ビッグサイト,https://www.jsme.or.jp/event/sports-informatics-and-technology-2026-sit2026/,2026-02-17
kagaku,,2026-07-09,2026-07-11,パシフィコ横浜,https://www.congre.co.jp/jsipc2026/index.html,2026-02-17
kagaku,,2026-07-11,2026-07-12,神戸セミナーハウス,https://www.sbj.or.jp/division/young/young_summer_seminar2026.html,2026-02-17
kagaku,,2026-07-13,2026-07-15,札幌コンベンションセンター,https://www.jscb.gr.jp/action/conference/,2026-02-17
kagaku,,2026-07-15,2026-07-18,山形テルサ、やまぎん県民ホール,https://j-ec.smartcore.jp/M022/forum/touron33/top,2026-02-17
kagaku,,2026-07-16,2026-07-17,化学工学会会議室（東京都文京区）、オンライン,https://service.kktcs.co.jp/smms2/c/scej/event/EventList.htm,2026-02-17
kagaku,,2026-07-22,2026-07-22,オンライン,https://service.kktcs.co.jp/smms2/c/scej/event/EventList.htm,2026-02-17
kagaku,,2026-07-22,2026-07-24,日立ハイテクアナリシス サイエンスソリューションラボ東京,https://www.lckon.org/event/seminar/koushukai2026.html,2026-02-17
kagaku,,2026-07-23,2026-07-24,徳島大学常三島キャンパス工業会館,https://www.jsms.jp/kaikoku/60xsymboshu.htm,2026-02-17
kagaku,,2026-07-23,2026-07-24,愛媛県県民文化会館,http://www.jsfcs.org/event.html,2026-02-17
kagaku,,2026-07-23,2026-07-24,北海道大学学術交流会館,https://www.jspf.or.jp/16rengo/,2026-02-17
kagaku,,2026-07-24,2026-07-24,日本機械学会会議室、オンライン,https://www.jsme.or.jp/event/26-33/,2026-02-17
kagaku,,2026-07-28,2026-07-30,東京科学大学 大岡山キャンパス,http://analytsci.org/xrd2026/,2026-02-17
kagaku,,2026-07-29,2026-07-31,工学院大学新宿キャンパス,https://www.jsme.or.jp/event/26-27/,2026-02-17
kagaku,,2026-07-29,2026-07-31,ピアザ淡海（滋賀県大津市）,https://branch.jsass.or.jp/strcom/structures_conference/sc68/,2026-02-17
kagaku,,2026-07-30,2026-07-31,機械振興会館（東京都港区）、オンライン,https://space-media-conf.com/,2026-02-17
kagaku,,2026-07-30,2026-07-31,あわぎんホール 徳島県郷土文化会館,https://dds42.mons.work/,2026-02-17
kagaku,,2026-07-31,2026-07-31,化学工学会会議室（東京都文京区）,https://service.kktcs.co.jp/smms2/c/scej/event/EventList.htm,2026-02-17
kagaku,,2026-08-06,2026-08-07,東京都市大学 世田谷キャンパス,https://www.jie.or.jp/pages/993/,2026-02-17
kagaku,,2026-08-07,2026-08-09,金沢商工会議所会館、石川県文教会館,https://www.vsj.jp/symp2026/,2026-02-17
kagaku,,2026-08-20,2026-08-21,大阪体育大学,https://jsesp.jp/,2026-02-17
kagaku,,2026-08-21,2026-08-21,日本機械学会会議室、オンライン,https://www.jsme.or.jp/event/26-34/,2026-02-17
kagaku,,2026-08-25,2026-08-28,大阪公立大学 森之宮キャンパス,https://pub.confit.atlas.jp/ja/event/jsidre2026,2026-02-17
kagaku,,2026-08-26,2026-08-26,大阪科学技術センター,https://service.kktcs.co.jp/smms2/c/scej/event/EventList.htm,2026-02-17
kagaku,,2026-08-26,2026-08-28,九州産業大学、オンライン,https://www.ite.or.jp/content/annual-conf/,2026-02-17
kagaku,,2026-08-26,2026-08-28,豊田工業大学,https://www.jsme.or.jp/event/26-20/,2026-02-17
kagaku,,2026-08-27,2026-08-28,大阪科学技術センター,https://service.kktcs.co.jp/smms2/c/scej/event/EventList.htm,2026-02-17
kagaku,,2026-08-31,2026-09-02,筑波大学第3エリア,http://www.jsmf.gr.jp/mfsymp2026/,2026-02-17
kagaku,,2026-08-31,2026-09-02,富山大学五福キャンパス,https://jsem.jp/,2026-02-17
kagaku,,2026-08-31,2026-09-04,北海学園大学豊平キャンパス 他,https://committees.jsce.or.jp/zenkoku/,2026-02-17
kagaku,,2026-09-01,2026-09-04,金沢大学 角間キャンパス,https://ac.rsj-web.org/2026/,2026-02-17
kagaku,,2026-09-02,2026-09-04,日本工業大学 埼玉キャンパス,https://www.jsme.or.jp/event/26-10/,2026-02-17
kagaku,,2026-09-02,2026-09-04,東京理科大学 葛飾キャンパス,https://member.spsj.or.jp/event/index.php?id=752,2026-02-17
kagaku,,2026-09-03,2026-09-04,広島工業大学 五日市キャンパス,https://www.ieiej.or.jp/conference/,2026-02-17
kagaku,,2026-09-03,2026-09-04,法政大学 市ヶ谷キャンパス,https://www.ses.or.jp/conference/2026conf/,2026-02-17
kagaku,,2026-09-03,2026-09-05,広島大学 東千田キャンパス,https://jocs.jp/%E5%B9%B4%E4%BC%9A%E5%9B%BD%E9%9A%9B%E4%BC%9A%E8%AD%B0/,2026-02-17
kagaku,,2026-09-06,2026-09-09,東海大学湘南キャンパス,https://www.jsme.or.jp/event/26-1/,2026-02-17
kagaku,,2026-09-06,2026-09-10,横浜市立大学 金沢八景キャンパス、オンライン,https://www.jfssa.jp/meeting/,2026-02-17
kagaku,,2026-09-08,2026-09-10,福岡工業大学,https://www.mmij.or.jp/conference,2026-02-17
kagaku,,2026-09-08,2026-09-10,福島大学 金谷川キャンパス 他,https://jssspn.jp/info/annual/20251202_01.html,2026-02-17
kagaku,,2026-09-08,2026-09-10,神戸大学 鶴甲第1キャンパス,https://photochemistry.jp/event/index.html,2026-02-17
kagaku,,2026-09-08,2026-09-11,安田女子大学（広島市）,https://www.aij.or.jp/event/detail.html?productId=705163,2026-02-17
kagaku,,2026-09-09,2026-09-10,グランキューブ大阪（大阪府立国際会議場）,https://pub.confit.atlas.jp/ja/event/jsfm2026,2026-02-17
kagaku,,2026-09-09,2026-09-11,グランドメルキュール別府湾リゾート&スパ,https://sobim-conf.com/s2026/,2026-02-17
kagaku,,2026-09-09,2026-09-11,東京科学大学 大岡山キャンパス,https://gsj3.org/annual_meeting_list/,2026-02-17
kagaku,,2026-09-10,2026-09-10,秋田大学 手形キャンパス,https://www2.ia-engineers.org/iaeac2026/,2026-02-17
kagaku,,2026-09-10,2026-09-11,福井大学,https://www.fiber.or.jp/jpn/events/2026/summer/index.html,2026-02-17
kagaku,,2026-09-11,2026-09-13,別府大学 石垣キャンパス,https://jsnd.jp/soukai.html,2026-02-17
kagaku,,2026-09-13,2026-09-15,金沢大学 角間キャンパス,https://geosociety.jp/science/content0041.html,2026-02-17
kagaku,,2026-09-14,2026-09-17,朱鷺メッセ（新潟市）,https://www.wakusei.jp/meetings/fallmeeting/,2026-02-17
kagaku,,2026-09-14,2026-09-17,パシフィコ横浜,https://sicefes26.sice.jp/,2026-02-17
kagaku,,2026-09-15,2026-09-17,北海道大学 札幌キャンパス,https://www.sbj.or.jp/meeting/,2026-02-17
kagaku,,2026-09-15,2026-09-18,くにびきメッセ（島根県松江市）,https://www.molsci.jp/2026/index.html,2026-02-17
kagaku,,2026-09-15,2026-09-18,宮崎大学、宮崎観光ホテル,https://pub.confit.atlas.jp/ja/event/jsas134,2026-02-17
kagaku,,2026-09-15,2026-09-18,G メッセ群馬会議施設 他,https://japan.landslide-soc.org/2026gunma.html,2026-02-17
kagaku,,2026-09-16,2026-09-18,東洋大学 川越キャンパス,https://www.jsae-net.org/,2026-02-17
kagaku,,2026-09-16,2026-09-18,岡山大学 環境理工棟,https://www.cssj2.org/event/annual_meeting/,2026-02-17
kagaku,,2026-09-16,2026-09-18,北九州国際会議場,http://www.visionsociety.jp/meeting.html,2026-02-17
kagaku,,2026-09-17,2026-09-18,麻布大学百周年記念ホール,https://www.jes1950.jp/announcement.html,2026-02-17
kagaku,,2026-09-23,2026-09-25,大阪大学 全学教育推進機構,https://www.jsme.or.jp/event/26-17/,2026-02-17
kagaku,,2026-09-23,2026-09-25,大阪大学 豊中キャンパス,https://www.jsme.or.jp/event/26-16/,2026-02-17
kagaku,,2026-09-25,2026-09-25,日本機械学会会議室、オンライン,https://www.jsme.or.jp/event/26-35/,2026-02-17
kagaku,,2026-10-08,2026-10-09,京都テルサ,https://www.jsms.jp/kaikoku/26consymboshu.htm,2026-02-17
kagaku,,2026-10-09,2026-10-09,化学工学会会議室（東京都文京区）,https://service.kktcs.co.jp/smms2/c/scej/event/EventList.htm,2026-02-17
kagaku,,2026-10-10,2026-10-11,東京たま未来メッセ（八王子市）,https://www.g-marketing.co.jp/31jsre2026/,2026-02-17
kagaku,,2026-10-14,2026-10-16,グランドメルキュール奈良橿原,https://ems.jpn.org/,2026-02-17
kagaku,,2026-10-15,2026-10-16,静岡コンベンションアーツセンター グランシップ,https://pssj2.jp/committee/seizai/seizai45.html,2026-02-17
kagaku,,2026-10-16,2026-10-17,とりぎん文化会館（鳥取市）,https://www.jsme.or.jp/event/26-11/,2026-02-17
kagaku,,2026-10-19,2026-10-20,九州大学 伊都キャンパス椎木講堂,https://www.srj.or.jp/gyoji,2026-02-17
kagaku,,2026-10-22,2026-10-23,化学工学会会議室（東京都文京区）,https://service.kktcs.co.jp/smms2/c/scej/event/EventList.htm,2026-02-17
kagaku,,2026-10-23,2026-10-23,日本機械学会会議室、オンライン,https://www.jsme.or.jp/event/26-36/,2026-02-17
kagaku,,2026-10-24,2026-10-25,信州大学医学部地域保健推進センター,https://jshc2026.hp.peraichi.com/,2026-02-17
kagaku,,2026-10-27,2026-10-29,幕張メッセ,https://www.japantappi.org/nenjitaikaisite/,2026-02-17
kagaku,,2026-10-29,2026-10-30,金沢商工会議所,https://www.jsms.jp/index_4.html,2026-02-17
kagaku,,2026-10-29,2026-10-30,とりぎん文化会館（鳥取市）,https://jscm.shikizai.org/,2026-02-17
kagaku,,2026-10-31,2026-11-01,埼玉大学大久保キャンパス,https://www.sme.or.jp/conference/autumn/,2026-02-17
kagaku,,2026-11-04,2026-11-05,ホテルグランヴェール岐山（岐阜市）,https://pssj2.jp/committee/zanryu/zanryu49.html,2026-02-17
kagaku,,2026-11-04,2026-11-06,ウインクあいち,https://www.zisin.jp/event/list.html,2026-02-17
kagaku,,2026-11-05,2026-11-06,エブノ泉の森ホール（大阪府泉佐野市）,https://www.fiber.or.jp/jpn/events/2026/autumn/index.html,2026-02-17
kagaku,,2026-11-09,2026-11-10,神戸国際会議場,https://lynx-dent.jp/jsb48/,2026-02-17
kagaku,,2026-11-10,2026-11-11,金沢市文化ホール,https://www.jsme.or.jp/event/26-15/,2026-02-17
kagaku,,2026-11-11,2026-11-12,アートホテル日暮里ラングウッド,https://www.houkagaku.org/,2026-02-17
kagaku,,2026-11-11,2026-11-13,徳島大学蔵本キャンパス,https://www.chem.tokushima-u.ac.jp/B1/scs37/index.html,2026-02-17
kagaku,,2026-11-12,2026-11-13,化学工学会会議室（東京都文京区）,https://service.kktcs.co.jp/smms2/c/scej/event/EventList.htm,2026-02-17
kagaku,,2026-11-14,2026-11-15,穂の国とよはし芸術劇場ＰＬＡＴ（愛知県豊橋市),https://chronobiology.jp/%e6%97%a5%e6%9c%ac%e6%99%82%e9%96%93%e7%94%9f%e7%89%a9%e5%ad%a6%e4%bc%9a-%e5%ad%a6%e8%a1%93%e5%a4%a7%e4%bc%9a%e3%81%ae%e3%81%8a%e7%9f%a5%e3%82%89%e3%81%9b/,2026-02-17
kagaku,,2026-11-14,2026-11-15,星薬科大学（東京都品川区）,https://www.jems2026.jp/index.html,2026-02-17
kagaku,,2026-11-16,2026-11-19,つくば国際会議場,https://www.jssx.org/meeting/nenkai/,2026-02-17
kagaku,,2026-11-17,2026-11-19,グランキューブ大阪,https://www2.aeplan.co.jp/jsi2026/index.html,2026-02-17
kagaku,,2026-11-20,2026-11-21,名古屋葵大学,https://www.jsmyco.org/conference/top.html,2026-02-17
kagaku,,2026-11-21,2026-11-23,千葉大学,https://www.population-ecology.jp/%E5%B9%B4%E6%AC%A1%E5%A4%A7%E4%BC%9A/,2026-02-17
kagaku,,2026-11-21,2026-11-23,東京科学大学大岡山キャンパス,https://www.netsu.org/JSCTANew/%e5%ad%a6%e4%bc%9a%e6%b4%bb%e5%8b%95/%e7%86%b1%e6%b8%ac%e5%ae%9a%e8%a8%8e%e8%ab%96%e4%bc%9a/,2026-02-17
kagaku,,2026-11-26,2026-11-28,熊本城ホール,https://pub.confit.atlas.jp/ja/event/jees2026,2026-02-17
kagaku,,2026-11-27,2026-11-27,日本機械学会会議室、オンライン,https://www.jsme.or.jp/event/26-37/,2026-02-17
kagaku,,2026-12-01,2026-12-04,パシフィコ横浜,https://www.aeplan.co.jp/bmb2026/,2026-02-17
kagaku,,2026-12-03,2026-12-04,グランシップ（静岡市）,https://sfcj.jp/index.html,2026-02-17
kagaku,,2026-12-07,2026-12-08,タワーホール船堀（江戸川区）、オンライン,https://www.hess.jp/4_event/conference,2026-02-17
kagaku,,2026-12-11,2026-12-12,KKR鎌倉わかみや,https://www.jascome.org/event/jascome/jascome2026.html,2026-02-17
kagaku,,2026-12-18,2026-12-19,関⻄⼤学 千⾥⼭キャンパス,https://www.jsme.or.jp/event/26-24/,2026-02-17
